"Model,Target,MAE,RMSE,R2"
"RF_Utilization,utilization_rate,0.00860523107936216,0.018604471920487434,0.9425851605589332"
