"Model,Target,MAE,RMSE,R2"
"RF_Volume,volume,55.40493334329418,129.8266033727202,-3.4174908983579337"
